[{"Name":"admin","Password":"password","PersonalNumber":"9017263827","IsLoggedIn":false,"MemberID":1,"Boats":[],"_password":{"_password":"password"},"_isLoggedIn":false,"_name":"admin","_boats":[],"_personalNumber":{"Number":"9017263827","_validationRegEx":{"Pattern":"^(19|20)?[0-9]{6}[- ]?[0-9]{4}$","Options":0},"_personalNumber":"9017263827"},"<MemberID>k__BackingField":1},{"Name":"Sven","Password":"crumcrum","PersonalNumber":"9010161520","IsLoggedIn":false,"MemberID":2,"Boats":[],"_password":{"_password":"crumcrum"},"_isLoggedIn":false,"_name":"Sven","_boats":[],"_personalNumber":{"Number":"9010161520","_validationRegEx":{"Pattern":"^(19|20)?[0-9]{6}[- ]?[0-9]{4}$","Options":0},"_personalNumber":"9010161520"},"<MemberID>k__BackingField":2}]